{"boundaryID": "NLD-ADM0-46637630", "boundaryISO": "NLD", "boundaryYear": "2022", "boundaryType": "ADM0", "boundarySource": "National Georegister", "boundaryCanonical": "Kingdom of the Netherlands", "boundaryLicense": "CC0 1.0 Universal (CC0 1.0) Public Domain Dedication", "licenseDetail": "", "licenseSource": "https//nationaalgeoregister.nl/geonetwork/srv/dut/catalog.search#/metadata/208bc283-7c66-4ce7-8ad3-1cf3e8933fb5?tab=general", "boundarySourceURL": "https//nationaalgeoregister.nl/geonetwork/srv/dut/catalog.search#/metadata/208bc283-7c66-4ce7-8ad3-1cf3e8933fb5?tab=relations", "sourceDataUpdateDate": "Thu Jan 19 07:31:04 2023", "buildDate": "Dec 12, 2023", "admUnitCount": "1", "meanVertices": "36029.0", "minVertices": "36029", "maxVertices": "36029", "meanPerimeterLengthKM": "2041.1885056940814", "maxPerimeterLengthKM": "2041.1885056940814", "minPerimeterLengthKM": "2041.1885056940814", "meanAreaSqKM": "41546.02517942296", "minAreaSqKM": "41546.02517942296", "maxAreaSqKM": "41546.02517942296"}